{
  "meroitic": {
    "FLAT": 88.18619050251534,
    "VALLEY": 6.357454806788657,
    "DESCENDING": 2.3494941677262426,
    "ASCENDING": 3.1068605229697606
  },
  "kjv": {
    "FLAT": 97.26975476839237,
    "VALLEY": 2.5940054495912808,
    "DESCENDING": 0.08174386920980926,
    "ASCENDING": 0.05449591280653951
  },
  "shakespeare": {
    "FLAT": 93.47079037800687,
    "ASCENDING": 2.214585719740359,
    "DESCENDING": 1.9091256204658267,
    "VALLEY": 2.405498281786942
  },
  "insight": "Meroitic follows KJV structural patterns.",
  "test_passed": true
}