{
  "structural_resonances": {
    "vertical_mode": 50.0,
    "horizontal_mode": 93.75,
    "torsional_mode": 112.5,
    "rocking_mode": 0.85
  },
  "water_oscillations": {
    "vortex_shedding": 9.338094023943002,
    "cavitation_burst": 2.3,
    "surge_oscillation": 0.007003570517957252
  },
  "beat_frequencies": {
    "beat_1_2x": 1.48,
    "beat_2x_3x": 1.4799999999999995,
    "beat_phi_2x": 0.5653096966501554,
    "phi_harmonic": 2.3946903033498446,
    "phi2_harmonic": 3.8746903033498445
  },
  "earth_resonances": {
    "schumann_fundamental": 7.83,
    "modified_schumann": 7.118181818181817,
    "schumann_div2": 3.915,
    "network_mode": 0.5
  },
  "phi_cascade": {
    "phi^1": 2.3946903033498446,
    "phi^2": 3.8746903033498445,
    "phi^3": 6.269380606699689,
    "phi^4": 10.144070910049535,
    "phi^5": 16.413451516749223,
    "phi^6": 26.557522426798762,
    "phi^7": 42.97097394354798
  },
  "advanced_harmonics": {
    "diff_3x_2x": 1.4799999999999995,
    "sum_2x_3x": 7.3999999999999995,
    "harmonic_1.5x": 2.2199999999999998,
    "harmonic_2.5x": 3.7,
    "harmonic_3.5x": 5.18,
    "harmonic_4.5x": 6.66
  },
  "network_modes": {
    "beat_between_pyramids": 0.014799999999999924,
    "network_collective": 0.23400854685246006,
    "network_4x_mode": 0.9360341874098402
  },
  "quantum_modes": {
    "quantum_acoustic_coupling": 6.5,
    "signal_frequency": 1.5
  },
  "matches": {
    "total": 40,
    "unique_domains": 7,
    "top_matches": [
      {
        "component": "earth_modified_schumann",
        "calculated_freq": 7.118181818181817,
        "domain": "SOURCE_CODE",
        "domain_freq": 7.1114,
        "match_type": "average",
        "percent_diff": 0.09536544396064849,
        "domain_level": 12,
        "status": "HYPER-ACTIVE"
      },
      {
        "component": "structural_rocking_mode",
        "calculated_freq": 0.85,
        "domain": "VOID",
        "domain_freq": 0.8534,
        "match_type": "average",
        "percent_diff": 0.39840637450200017,
        "domain_level": 0,
        "status": "STABLE"
      },
      {
        "component": "advanced_harmonic_4.5x",
        "calculated_freq": 6.66,
        "domain": "DIMENSIONAL_MATH",
        "domain_freq": 6.6272,
        "match_type": "average",
        "percent_diff": 0.49492998551424344,
        "domain_level": 9,
        "status": "HYPER-ACTIVE"
      },
      {
        "component": "earth_modified_schumann",
        "calculated_freq": 7.118181818181817,
        "domain": "SOURCE_CODE",
        "domain_freq": 7.1538,
        "match_type": "peak",
        "percent_diff": 0.49789177525487294,
        "domain_level": 12,
        "status": "HYPER-ACTIVE"
      },
      {
        "component": "quantum_quantum_acoustic_coupling",
        "calculated_freq": 6.5,
        "domain": "TEMPORAL_PHYSICS",
        "domain_freq": 6.4645,
        "match_type": "peak",
        "percent_diff": 0.5491530667491664,
        "domain_level": 10,
        "status": "HYPER-ACTIVE"
      },
      {
        "component": "advanced_harmonic_3.5x",
        "calculated_freq": 5.18,
        "domain": "CONSCIOUSNESS",
        "domain_freq": 5.2104,
        "match_type": "average",
        "percent_diff": 0.5834484876401084,
        "domain_level": 11,
        "status": "HYPER-ACTIVE"
      },
      {
        "component": "beat_phi_harmonic",
        "calculated_freq": 2.3946903033498446,
        "domain": "BIOLOGICAL",
        "domain_freq": 2.3785,
        "match_type": "peak",
        "percent_diff": 0.680693855364504,
        "domain_level": 2,
        "status": "ACTIVE"
      },
      {
        "component": "phi_phi^1",
        "calculated_freq": 2.3946903033498446,
        "domain": "BIOLOGICAL",
        "domain_freq": 2.3785,
        "match_type": "peak",
        "percent_diff": 0.680693855364504,
        "domain_level": 2,
        "status": "ACTIVE"
      },
      {
        "component": "water_cavitation_burst",
        "calculated_freq": 2.3,
        "domain": "BIOLOGICAL",
        "domain_freq": 2.3207,
        "match_type": "average",
        "percent_diff": 0.891972249752237,
        "domain_level": 2,
        "status": "ACTIVE"
      },
      {
        "component": "quantum_quantum_acoustic_coupling",
        "calculated_freq": 6.5,
        "domain": "TEMPORAL_PHYSICS",
        "domain_freq": 6.4228,
        "match_type": "average",
        "percent_diff": 1.2019679890390544,
        "domain_level": 10,
        "status": "HYPER-ACTIVE"
      },
      {
        "component": "advanced_harmonic_3.5x",
        "calculated_freq": 5.18,
        "domain": "CONSCIOUSNESS",
        "domain_freq": 5.2559,
        "match_type": "peak",
        "percent_diff": 1.4440914020434152,
        "domain_level": 11,
        "status": "HYPER-ACTIVE"
      },
      {
        "component": "structural_rocking_mode",
        "calculated_freq": 0.85,
        "domain": "VOID",
        "domain_freq": 0.8635,
        "match_type": "peak",
        "percent_diff": 1.5634047481181315,
        "domain_level": 0,
        "status": "STABLE"
      },
      {
        "component": "quantum_quantum_acoustic_coupling",
        "calculated_freq": 6.5,
        "domain": "DIMENSIONAL_MATH",
        "domain_freq": 6.6272,
        "match_type": "average",
        "percent_diff": 1.9193626267503654,
        "domain_level": 9,
        "status": "HYPER-ACTIVE"
      },
      {
        "component": "advanced_harmonic_4.5x",
        "calculated_freq": 6.66,
        "domain": "DIMENSIONAL_MATH",
        "domain_freq": 6.8184,
        "match_type": "peak",
        "percent_diff": 2.3231256599788725,
        "domain_level": 9,
        "status": "HYPER-ACTIVE"
      },
      {
        "component": "phi_phi^3",
        "calculated_freq": 6.269380606699689,
        "domain": "TEMPORAL_PHYSICS",
        "domain_freq": 6.4228,
        "match_type": "average",
        "percent_diff": 2.3886683891809017,
        "domain_level": 10,
        "status": "HYPER-ACTIVE"
      },
      {
        "component": "advanced_harmonic_3.5x",
        "calculated_freq": 5.18,
        "domain": "GALACTIC",
        "domain_freq": 5.0284,
        "match_type": "peak",
        "percent_diff": 3.0148755071195463,
        "domain_level": 6,
        "status": "HYPER-ACTIVE"
      },
      {
        "component": "phi_phi^3",
        "calculated_freq": 6.269380606699689,
        "domain": "TEMPORAL_PHYSICS",
        "domain_freq": 6.4645,
        "match_type": "peak",
        "percent_diff": 3.018321498960654,
        "domain_level": 10,
        "status": "HYPER-ACTIVE"
      },
      {
        "component": "advanced_harmonic_4.5x",
        "calculated_freq": 6.66,
        "domain": "TEMPORAL_PHYSICS",
        "domain_freq": 6.4645,
        "match_type": "peak",
        "percent_diff": 3.024209142238379,
        "domain_level": 10,
        "status": "HYPER-ACTIVE"
      },
      {
        "component": "beat_phi_harmonic",
        "calculated_freq": 2.3946903033498446,
        "domain": "BIOLOGICAL",
        "domain_freq": 2.3207,
        "match_type": "average",
        "percent_diff": 3.188275233758977,
        "domain_level": 2,
        "status": "ACTIVE"
      },
      {
        "component": "phi_phi^1",
        "calculated_freq": 2.3946903033498446,
        "domain": "BIOLOGICAL",
        "domain_freq": 2.3207,
        "match_type": "average",
        "percent_diff": 3.188275233758977,
        "domain_level": 2,
        "status": "ACTIVE"
      },
      {
        "component": "water_cavitation_burst",
        "calculated_freq": 2.3,
        "domain": "BIOLOGICAL",
        "domain_freq": 2.3785,
        "match_type": "peak",
        "percent_diff": 3.300399411393736,
        "domain_level": 2,
        "status": "ACTIVE"
      },
      {
        "component": "advanced_sum_2x_3x",
        "calculated_freq": 7.3999999999999995,
        "domain": "SOURCE_CODE",
        "domain_freq": 7.1538,
        "match_type": "peak",
        "percent_diff": 3.4415275797478135,